obs;enrl_tot;teachers;calw_pct;meal_pct;computer;testscr;comp_stu;expn_stu;str;avginc;el_pct;read_scr;math_scr
1;195;10,900;0,51020;2,0408;67;690,8000;0,3435898;6384,911;17,88991;22,69000;0,00000;691,6000;690,0000
2;240;11,150;15,41670;47,9167;101;661,2000;0,4208333;5099,381;21,52466;9,82400;4,58333;660,5000;661,9000
3;1550;82,900;55,03230;76,3226;169;643,6000;0,1090323;5501,955;18,69723;8,97800;30,00000;636,3000;650,9000
4;243;14,000;36,47540;77,0492;85;647,7000;0,3497942;7101,831;17,35714;8,97800;0,00000;651,9000;643,5000
5;1335;71,500;33,10860;78,4270;171;640,8500;0,1280899;5235,988;18,67133;9,08033;13,85768;641,8000;639,9000
6;137;6,400;12,31880;86,9565;25;605,5500;0,1824818;5580,147;21,40625;10,41500;12,40876;605,7000;605,4000
7;195;10,000;12,90320;94,6237;28;606,7500;0,1435897;5253,331;19,50000;6,57700;68,71795;604,5000;609,0000
8;888;42,500;18,80630;100,0000;66;609,0000;0,07432;4565,746;20,89412;8,17400;46,95946;605,5000;612,5000
9;379;19,000;32,19000;93,1398;35;612,5000;0,09235;5355,548;19,94737;7,38500;30,07916;608,9000;616,1000
10;2247;108,000;78,99420;87,3164;0;612,6500;0,0000;5036,211;20,80556;11,61333;40,27592;611,9000;613,4000
11;446;21,000;18,60990;85,8744;86;615,7500;0,1928251;4547,692;21,23809;8,93100;52,91480;612,8000;618,7000
12;987;47,000;71,71310;98,6056;56;616,3000;0,05674;5447,345;21,00000;7,38500;54,60993;616,6000;616,0000
13;103;5,000;22,42990;98,1308;25;616,3000;0,2427184;6567,149;20,60000;5,33500;42,71844;612,8000;619,8000
14;487;24,340;24,60940;77,1484;0;616,3000;0,0000;4818,613;20,00822;8,27900;20,53388;610,0000;622,6000
15;649;36,000;14,63790;76,2712;31;616,4500;0,04777;5621,456;18,02778;9,63000;80,12326;611,9000;621,0000
16;852;42,070;24,21420;94,2957;80;617,3500;0,09390;6026,360;20,25196;7,45400;49,41314;614,8000;619,9000
17;491;28,920;11,20160;97,7597;100;618,0500;0,2036660;6723,238;16,97787;6,21600;85,53972;611,7000;624,4000
18;421;25,500;8,55110;77,9097;50;618,3000;0,1187648;5589,885;16,50980;7,76400;58,90736;614,9000;621,7000
19;6880;303,030;21,28240;94,9712;960;619,8000;0,1395349;5064,616;22,70402;7,02200;77,00581;619,1000;620,5000
20;2688;135,000;23,43750;93,2292;139;620,3000;0,05171;5433,593;19,91111;5,69900;49,81399;621,3000;619,3000
21;440;24,000;34,77270;100,0000;69;620,5000;0,1568182;5725,563;18,33333;7,94100;40,68182;615,6000;625,4000
22;475;21,000;21,64950;91,5464;53;621,4000;0,1115789;4542,105;22,61905;9,63000;16,21053;619,9000;622,9000
23;2538;130,500;18,91110;70,8167;169;621,7500;0,06659;5107,086;19,44828;7,40500;45,07486;622,9000;620,6000
24;476;19,000;43,85590;100,0000;0;622,0500;0,0000;4659,662;25,05263;9,63000;39,07563;620,7000;623,4000
25;2357;114,000;16,80100;90,6237;216;622,6000;0,09164;4555,464;20,67544;8,01900;76,66525;619,5000;625,7000
26;1588;85,000;22,40720;85,1472;198;623,1000;0,1246851;5415,153;18,68235;8,52300;40,49118;625,0000;621,2000
27;7306;319,800;17,00150;88,0349;742;623,2000;0,1015604;4997,872;22,84553;7,98318;73,72023;620,4000;626,0000
28;2601;135,000;15,07110;92,1953;269;623,4500;0,1034218;5223,912;19,26667;7,30500;70,01154;616,5000;630,4000
29;847;44,000;16,29280;90,2007;67;623,6000;0,07910;5139,165;19,25000;8,93400;55,96222;620,1000;627,1000
30;452;22,000;14,49890;81,0235;55;624,1500;0,1216814;4614,252;20,54545;8,55400;11,06195;627,9000;620,4000
31;4142;201,000;35,56250;81,5065;569;624,5500;0,1373733;5342,233;20,60697;6,61300;80,42009;620,4000;628,7000
32;2102;99,750;15,31990;90,2849;224;624,9500;0,1065652;5347,458;21,07268;12,40900;63,13036;623,0000;626,9000
33;10012;464,900;29,76390;91,5934;721;625,3000;0,07201;5036,459;21,53581;8,12662;65,12186;620,8000;629,8000
34;2488;125,000;12,69200;55,0930;202;625,8500;0,08119;5117,142;19,90400;11,43100;53,41640;626,1000;625,6000
35;25151;1186,700;17,44260;80,1956;1713;626,1000;0,06811;5117,040;21,19407;11,72223;49,82307;625,4000;626,8000
36;2267;103,680;19,15170;84,4338;177;626,8000;0,07808;5272,192;21,86535;11,33250;35,46537;625,4000;628,2000
37;1657;90,400;28,84730;84,7314;204;626,9000;0,1231141;5225,719;18,32965;9,59800;56,12553;623,6000;630,2000
38;284;17,500;14,52700;94,9324;18;627,1000;0,06338;6516,533;16,22857;14,55800;32,39437;628,9000;625,3000
39;5370;280,000;19,57170;81,1173;562;627,2500;0,1046555;4559,177;19,17857;22,06000;65,51210;624,4000;630,1000
40;2471;121,860;23,79600;87,7782;275;627,3000;0,1112910;5119,158;20,27737;9,70900;53,05544;627,5000;627,1000
41;15386;669,360;12,50640;71,4331;1762;628,2500;0,1145197;5338,186;22,98614;11,48294;49,64253;627,8000;628,7000
42;184;9,000;22,28260;85,8696;40;628,4000;0,2173913;5090,045;20,44444;8,17800;45,10870;621,6000;635,2000
43;1217;61,400;33,90800;88,0952;78;628,5500;0,06409;5485,496;19,82085;8,17400;30,32046;629,4000;627,7000
44;6219;268,000;21,49860;100,0000;571;628,6500;0,09182;4793,370;23,20522;7,50000;52,24313;621,1000;636,2000
45;4258;221,000;24,65950;92,7431;324;628,7500;0,07609;5092,917;19,26697;10,05050;36,80132;626,5000;631,0000
46;1235;53,000;8,21830;62,1302;175;629,8000;0,1417004;4359,521;23,30189;7,33200;30,28340;630,2000;629,4000
47;16244;766,650;17,45310;69,7399;1423;630,3500;0,08760;5645,496;21,18829;12,58158;49,86457;629,5000;631,2000
48;814;39,000;19,77890;67,4447;85;630,4000;0,1044226;4518,016;20,87180;15,17700;13,75921;631,9000;628,9000
49;27176;1429,000;39,21840;84,2950;3324;630,5500;0,1223138;5864,366;19,01749;12,10913;28,86370;631,6000;629,5000
50;10696;487,970;22,15780;70,8957;1306;630,5500;0,1221017;5257,997;21,91938;11,78500;52,80479;628,5000;632,6000
51;8935;444,500;36,94510;79,5120;786;631,0500;0,08797;5016,692;20,10124;14,06200;44,08506;628,4000;633,7000
52;1600;74,500;27,26140;79,7255;242;631,4000;0,1512500;4720,086;21,47651;10,47200;35,25000;635,7000;627,1000
53;9028;449,920;13,98850;69,9425;669;631,8500;0,07410;5470,563;20,06579;13,40512;37,49446;633,0000;630,7000
54;10625;521,470;7,49750;77,5256;896;631,9000;0,08433;5615,442;20,37510;12,30180;50,39059;629,6000;634,2000
55;7151;318,580;18,54810;61,7382;560;631,9500;0,07831;5245,440;22,44648;15,40407;31,07258;634,2000;629,7000
56;2404;105,000;20,92740;52,9435;202;632,0000;0,08403;4838,175;22,89524;13,76200;18,26123;633,5000;630,5000
57;5804;283,150;28,34250;81,1165;480;632,2000;0,08270;5367,988;20,49797;14,18400;34,70021;631,4000;633,0000
58;2253;112,650;43,49760;84,5539;196;632,2500;0,08700;5526,237;20,00000;8,86500;33,28895;637,5000;627,0000
59;2807;126,120;15,45950;52,3964;152;632,4500;0,05415;4353,020;22,25658;12,99700;33,48771;637,3000;627,6000
60;3074;142,550;11,28980;66,1949;249;632,8500;0,08100;5034,290;21,56436;11,59200;38,15875;633,2000;632,5000
61;723;37,120;25,92110;83,1579;45;632,9500;0,06224;4692,494;19,47737;8,27900;36,92946;629,2000;636,7000
62;5138;290,775;58,75220;84,9990;560;633,0500;0,1089918;5606,782;17,67002;10,90564;32,98949;630,3000;635,8000
63;20927;953,500;10,91140;82,3926;1048;633,1500;0,05008;4969,181;21,94756;13,40063;58,21666;629,6000;636,7000
64;3017;138,500;14,97680;56,0636;496;633,6500;0,1644017;4675,675;21,78339;11,08100;17,00365;634,4000;632,9000
65;957;50,000;27,16820;82,1317;149;633,9000;0,1556949;5306,133;19,14000;9,08200;17,65935;634,7000;633,1000
66;1639;90,500;46,88820;80,6042;287;634,0000;0,1751068;5693,883;18,11050;13,39000;7,32154;638,4000;629,6000
67;4340;209,840;17,70260;93,9227;284;634,0500;0,06544;5181,580;20,68242;14,60163;31,19816;631,9000;636,2000
68;5079;224,500;25,55930;63,8036;585;634,1000;0,1151802;5228,651;22,62361;11,11600;16,61744;637,7000;630,5000
69;6639;304,730;26,84140;100,0000;505;634,1000;0,07607;5339,391;21,78650;8,42300;58,08104;631,5000;636,7000
70;1154;62,100;22,92770;84,9206;129;634,1500;0,1117851;6056,497;18,58293;11,66500;55,89254;636,8000;631,5000
71;237;11,000;19,83120;76,7932;13;634,2000;0,05485;4845,680;21,54545;7,30500;5,48523;631,8000;636,6000
72;2987;141,210;21,25880;68,3964;273;634,4000;0,09140;4826,666;21,15289;13,73060;14,42919;637,7000;631,1000
73;499;30,000;40,36700;83,1193;94;634,5500;0,1883768;5367,090;16,63333;11,11600;22,84569;635,5000;633,6000
74;11474;542,650;40,55260;77,0089;1248;634,7000;0,1087677;5742,733;21,14438;10,36443;38,78334;633,2000;636,2000
75;1088;55,000;14,15440;86,0294;107;634,9000;0,09835;4136,251;19,78182;6,98300;64,24632;631,1000;638,7000
76;2660;140,120;15,76010;74,8510;259;634,9500;0,09737;5267,831;18,98373;14,46780;25,22556;637,8000;632,1000
77;353;19,980;8,67210;33,0623;8;635,0500;0,02266;5238,392;17,66767;14,65300;5,38244;636,6000;633,5000
78;329;18,530;28,91570;85,5422;37;635,2000;0,1124620;5462,899;17,75499;10,62900;6,07903;644,3000;626,1000
79;252;16,500;23,45680;66,2551;32;635,4500;0,1269841;6313,374;15,27273;9,78100;0,00000;640,9000;630,0000
80;175;12,500;21,76470;68,8235;31;635,6000;0,1771429;6653,031;14,00000;10,65600;0,00000;634,6000;636,6000
81;3835;186,200;13,99110;72,8628;897;635,6000;0,2338983;5533,149;20,59613;11,93800;34,88918;633,0000;638,2000
82;314;19,250;29,93630;93,6306;8;635,7500;0,02548;6118,710;16,31169;7,38500;13,05732;636,7000;634,8000
83;4458;211,000;22,22220;72,3208;445;635,9500;0,09982;5098,627;21,12796;10,67600;36,02512;633,2000;638,7000
84;1313;75,080;32,08680;73,5976;112;636,1000;0,08530;5652,879;17,48801;9,97200;34,65347;633,9000;638,3000
85;474;26,500;21,51900;75,7384;36;636,5000;0,07595;5329,002;17,88679;8,25800;28,69198;634,7000;638,3000
86;1114;57,700;29,44680;62,2128;277;636,6000;0,2486535;5929,809;19,30676;8,89600;1,79533;645,4000;627,8000
87;1358;65,000;14,79030;80,8683;178;636,7000;0,1310751;4897,068;20,89231;12,06200;30,63329;632,3000;641,1000
88;11629;546,300;25,37940;83,8737;1015;636,9000;0,08728;5100,202;21,28684;9,42889;59,03345;632,4000;641,4000
89;6195;306,750;21,04330;68,5719;1261;636,9500;0,2035512;4825,723;20,19560;8,92033;13,55932;636,2000;637,7000
90;499;20,000;23,69940;80,9249;35;637,0000;0,07014;4079,129;24,95000;10,09800;5,01002;636,1000;637,9000
91;417;23,000;19,90410;46,0432;27;637,1000;0,06475;5349,368;18,13043;11,83000;0,95923;638,0000;636,2000
92;300;15,000;48,34440;72,1854;55;637,3500;0,1833333;5869,389;20,00000;11,55300;0,66667;640,9000;633,8000
93;457;24,400;16,81610;67,7130;50;637,6500;0,1094092;6462,128;18,72951;19,70700;38,51204;644,9000;630,4000
94;146;8,000;25,34250;54,1096;34;637,9500;0,2328767;6231,602;18,25000;7,10500;0,00000;646,1000;629,8000
95;460;24,220;10,59320;66,9492;71;637,9500;0,1543478;4993,868;18,99257;13,72500;17,17391;633,2000;642,7000
96;354;17,800;10,27780;59,7222;28;638,0000;0,07910;4663,811;19,88764;10,09800;9,88701;636,7000;639,3000
97;1841;95,000;25,25800;64,7474;315;638,2000;0,1711027;6107,106;19,37895;13,76200;19,39164;640,4000;636,0000
98;3760;183,750;26,90160;65,7961;717;638,3000;0,1906915;5324,228;20,46259;9,66500;36,48936;636,2000;640,4000
99;500;22,430;18,80000;83,0000;70;638,3000;0,1400000;5221,461;22,29157;10,26400;39,40000;630,4000;646,2000
100;5112;246,900;10,69120;59,7235;383;638,3500;0,07492;5157,785;20,70474;11,56920;28,67762;638,6000;638,1000
101;146;7,660;13,69860;66,4384;28;638,5500;0,1917808;5131,119;19,06005;7,40500;13,69863;637,5000;639,6000
102;2141;105,820;26,49650;65,3828;134;638,7000;0,06259;5279,354;20,23247;12,07700;11,34984;636,9000;640,5000
103;610;30,980;8,52460;56,0656;144;639,2500;0,2360656;4704,044;19,69012;11,28300;3,44262;640,3000;638,2000
104;337;16,550;21,26250;60,1329;26;639,3000;0,07715;6089,911;20,36254;10,03500;15,43027;642,7000;635,9000
105;4501;227,850;19,12970;63,9055;597;639,3500;0,1326372;5356,833;19,75422;8,38400;17,97378;639,9000;638,8000
106;5718;295,050;6,84070;37,0456;313;639,5000;0,05474;5144,549;19,37977;13,63000;22,71773;641,4000;637,6000
107;19402;846,380;20,52370;51,2421;1182;639,7500;0,06092;4906,230;22,92351;14,12767;18,43624;641,7000;637,8000
108;3401;175,550;52,21990;74,2723;560;639,8000;0,1646575;5489,589;19,37340;11,26612;16,17171;641,5000;638,1000
109;2621;136,830;25,82980;64,0977;397;639,8500;0,1514689;5718,551;19,15516;13,39000;2,02213;641,4000;638,3000
110;426;20,000;3,99060;64,7887;87;639,9000;0,2042253;4436,153;21,30000;11,93800;9,62441;634,3000;645,5000
111;205;11,200;18,53660;80,9756;24;640,1000;0,1170732;4895,439;18,30357;8,25800;41,46341;643,5000;636,7000
112;13668;648,410;28,17530;56,2994;1321;640,1500;0,09665;5159,219;21,07926;14,22673;9,89903;640,4000;639,9000
113;342;18,200;11,39600;68,0912;98;640,5000;0,2865497;5490,655;18,79121;10,47200;16,08187;637,7000;643,3000
114;6518;332,100;12,27910;71,0238;499;640,7500;0,07656;5172,020;19,62662;14,24290;43,49494;638,5000;643,0000
115;239;12,200;15,61180;69,6203;30;640,9000;0,1255230;4441,673;19,59016;14,06600;8,78661;644,9000;636,9000
116;2911;139,470;11,92850;52,9735;281;641,1000;0,09653;5220,370;20,87187;15,96800;39,02439;640,4000;641,8000
117;6272;297,040;28,72000;71,7624;1338;641,4500;0,2133291;5252,811;21,11500;10,26400;53,89030;639,3000;643,6000
118;10218;508,750;17,42020;70,8064;1435;641,4500;0,1404384;5518,702;20,08452;10,60247;41,13329;638,6000;644,3000
119;1735;87,140;47,26220;75,5043;222;641,5500;0,1279539;5609,488;19,91049;10,52300;1,38329;640,8000;642,3000
120;474;26,610;20,67510;82,0675;96;641,8000;0,2025317;4945,032;17,81285;11,23800;35,44304;638,9000;644,7000
121;544;30,000;20,55050;74,8624;145;642,2000;0,2665441;5223,025;18,13333;10,05600;8,63971;641,8000;642,6000
122;1987;103,370;15,28120;54,6541;283;642,2000;0,1424258;4757,025;19,22221;11,18300;15,34977;637,0000;647,4000
123;418;22,400;10,69650;63,4328;50;642,4000;0,1196172;5522,162;18,66072;7,38500;19,85646;640,2000;644,6000
124;196;10,000;19,68910;47,1503;40;642,7500;0,2040816;6087,609;19,60000;13,57900;3,06122;652,6000;632,9000
125;2208;114,500;14,41400;53,2106;92;643,0500;0,04167;4960,516;19,28384;9,63000;9,87319;642,0000;644,1000
126;1255;55,000;11,32220;44,2597;165;643,2000;0,1314741;4880,041;22,81818;15,27400;16,09562;642,6000;643,8000
127;1469;78,100;20,96660;80,2587;65;643,2500;0,04425;6538,418;18,80922;14,03425;43,49898;639,4000;647,1000
128;7114;332,840;34,59420;82,5722;680;643,4000;0,09559;4925,660;21,37363;10,23967;45,03795;638,9000;647,9000
129;1962;98,000;24,41510;67,7518;170;643,4000;0,08665;5204,688;20,02041;9,48500;18,19572;641,7000;645,1000
130;7761;361,000;6,49120;44,4766;658;643,5000;0,08478;4907,411;21,49862;15,02987;15,48769;644,2000;642,8000
131;216;14,000;9,41700;48,8789;47;643,5000;0,2175926;5923,452;15,42857;9,78100;0,92593;652,7000;634,3000
132;224;10,000;7,14290;58,0357;31;643,7000;0,1383929;4741,957;22,40000;13,19200;7,58929;633,6000;653,8000
133;7887;391,860;16,40240;57,0722;1004;643,7000;0,1272981;4954,020;20,12709;12,21600;29,08584;645,7000;641,7000
134;752;39,500;11,71050;34,0789;0;644,2000;0,0000;5500,108;19,03798;14,07600;0,13298;652,3000;636,1000
135;9328;537,880;7,48750;39,0368;1719;644,2000;0,1842839;5360,517;17,34216;25,48733;50,85763;644,5000;643,9000
136;548;32,200;7,66420;31,3869;35;644,4000;0,06387;5685,639;17,01863;14,86700;11,49635;652,1000;636,7000
137;104;5,000;32,38100;49,5238;19;644,4500;0,1826923;5594,196;20,80000;9,97200;13,46154;649,5000;639,4000
138;275;13,000;12,72730;45,8182;4;644,4500;0,01455;4692,567;21,15385;14,57800;4,72727;643,2000;645,7000
139;443;24,000;14,22120;69,9774;52;644,5000;0,1173815;5085,406;18,45833;7,38500;21,44469;644,3000;644,7000
140;10337;540,050;37,22690;58,5454;1268;644,5500;0,1226662;5456,197;19,14082;12,34300;12,35368;646,0000;643,1000
141;806;41,530;7,17880;56,6751;36;644,7000;0,04467;5105,180;19,40766;12,43133;30,14888;645,3000;644,1000
142;227;11,600;18,06170;59,0308;25;644,9500;0,1101322;5519,677;19,56896;14,90600;15,85903;649,7000;640,2000
143;8416;391,420;12,39900;71,9121;1333;645,1000;0,1583888;5065,911;21,50120;12,66990;43,75000;642,9000;647,3000
144;149;8,500;19,46310;59,0604;30;645,2500;0,2013423;5182,428;17,52941;10,33300;0,00000;656,8000;633,7000
145;220;13,390;19,13040;52,1739;48;645,5500;0,2181818;5960,464;16,43017;11,97200;0,00000;658,0000;633,1000
146;4612;232,970;17,47610;65,9150;601;645,5500;0,1303122;5124,836;19,79654;12,82700;16,65221;647,7000;643,4000
147;590;34,330;37,43680;70,6577;71;645,6000;0,1203390;5655,133;17,18613;10,04000;3,22034;644,8000;646,4000
148;133;7,550;25,00000;72,1429;25;645,7500;0,1879699;5811,690;17,61589;13,33500;0,00000;644,3000;647,2000
149;2440;121,240;7,27590;47,0299;116;645,7500;0,04754;5467,674;20,12537;9,85400;48,52459;645,5000;646,0000
150;133;6,000;11,19400;35,8209;0;646,0000;0,0000;5213,089;22,16667;11,42600;0,75188;652,5000;639,5000
151;519;26,000;16,76300;37,9576;65;646,2000;0,1252408;4613,188;19,96154;15,13100;1,92678;650,9000;641,5000
152;222;11,660;7,58930;40,6250;30;646,3500;0,1351351;4886,984;19,03945;14,57800;13,51351;643,0000;649,7000
153;285;18,720;26,64230;76,2774;36;646,4000;0,1263158;6455,137;15,22436;10,26800;0,00000;641,6000;651,2000
154;3129;147,980;26,16760;55,7901;471;646,5000;0,1505273;5125,433;21,14475;15,59286;16,71461;647,8000;645,2000
155;2019;102,780;10,25260;40,5646;167;646,5500;0,08271;5193,692;19,64390;11,23800;5,94354;649,1000;644,0000
156;5620;267,000;10,30950;55,0939;316;646,7000;0,05623;5002,839;21,04869;15,05138;36,17438;644,0000;649,4000
157;9775;484,500;13,04300;62,5039;1218;646,9000;0,1246036;5337,625;20,17544;15,41318;44,97187;645,6000;648,2000
158;246;11,500;9,75610;43,9024;38;646,9500;0,1544715;5161,202;21,39130;11,08100;16,66667;647,8000;646,1000
159;7210;360,350;26,62680;68,8579;800;647,0500;0,1109570;5158,792;20,00833;10,09800;15,18724;642,5000;651,6000
160;21338;1051,580;13,22720;45,9950;2889;647,2500;0,1353923;5123,474;20,29137;14,29830;34,33780;645,0000;649,5000
161;477;27,000;25,36690;59,5388;27;647,3000;0,05660;5782,544;17,66667;11,80300;0,00000;650,8000;643,8000
162;727;39,900;10,17880;32,1871;50;647,6000;0,06878;4842,608;18,22055;9,97200;13,06740;649,4000;645,8000
163;374;18,450;6,68450;7,4866;46;647,6000;0,1229947;4219,406;20,27100;15,40900;4,27807;651,6000;643,6000
164;18255;903,760;11,22170;58,5331;2001;648,0000;0,1096138;5081,170;20,19895;15,29380;39,59463;645,0000;651,0000
165;8787;410,910;10,02270;32,4830;1058;648,2000;0,1204051;5144,994;21,38424;15,53293;21,66837;648,0000;648,4000
166;797;38,000;7,02630;35,7591;60;648,2500;0,07528;4674,299;20,97368;16,29300;3,26223;648,8000;647,7000
167;140;7,000;3,57140;39,2857;40;648,3500;0,2857143;4830,326;20,00000;12,87500;7,85714;651,6000;645,1000
168;235;13,700;6,80850;67,2340;51;648,7000;0,2170213;5621,688;17,15328;16,62300;39,57447;643,4000;654,0000
169;8294;371,100;23,19750;51,5674;1295;648,9500;0,1561370;4948,868;22,34977;12,54988;10,12780;645,1000;652,8000
170;2409;108,660;8,15150;52,1202;354;649,1500;0,1469489;5100,976;22,17007;14,25857;27,52179;646,0000;652,3000
171;150;8,250;3,22580;23,2258;16;649,3000;0,1066667;5132,789;18,18182;18,32600;14,00000;655,2000;643,4000
172;3981;210,000;41,77340;51,7709;606;649,5000;0,1522231;5358,517;18,95714;12,74914;8,84200;649,8000;649,2000
173;2326;117,800;17,97510;52,2523;345;649,7000;0,1483233;5149,187;19,74533;11,42600;6,40585;651,3000;648,1000
174;501;30,500;20,63490;54,7619;163;649,8500;0,3253493;5373,207;16,42623;8,83000;2,39521;652,6000;647,1000
175;470;28,270;31,33050;89,6996;48;650,4500;0,1021277;6485,166;16,62540;11,17600;5,95745;655,1000;645,8000
176;575;35,100;26,43480;59,1304;59;650,5500;0,1026087;5504,025;16,38177;14,22800;8,17391;654,6000;646,5000
177;3519;175,300;5,54130;29,7812;789;650,6000;0,2242114;5105,734;20,07416;15,02700;15,45894;655,4000;645,8000
178;474;26,340;21,99590;54,9898;61;650,6500;0,1286920;5634,731;17,99544;10,52100;0,00000;653,6000;647,7000
179;223;11,500;1,75440;17,5439;60;650,9000;0,2690583;4980,294;19,39130;18,62600;0,00000;651,8000;650,0000
180;92;5,600;13,54170;0,0000;22;650,9000;0,2391304;6113,860;16,42857;22,52900;0,00000;656,1000;645,7000
181;4971;297,140;14,70940;55,1008;500;651,1500;0,1005834;5850,000;16,72949;18,29839;31,82458;653,3000;649,0000
182;2617;107,195;8,36820;32,3697;226;651,2000;0,08636;4547,945;24,41345;11,88575;12,80092;651,7000;650,7000
183;242;13,250;28,09920;51,6529;32;651,3500;0,1322314;5011,840;18,26415;9,92600;0,00000;654,4000;648,3000
184;780;41,150;16,53940;50,7634;75;651,4000;0,09615;5261,371;18,95504;14,19700;3,84615;662,0000;640,8000
185;324;15,400;13,00310;58,2043;50;651,4500;0,1543210;4276,115;21,03896;9,63000;2,46914;647,0000;655,9000
186;140;6,750;7,85710;45,7143;25;651,8000;0,1785714;4566,270;20,74074;10,63900;10,71429;654,2000;649,4000
187;181;10,000;25,41440;66,8508;26;651,8500;0,1436464;6049,495;18,10000;14,47500;0,00000;651,9000;651,8000
188;516;26,000;9,25930;24,8148;65;651,9000;0,1259690;4974,281;19,84615;13,46700;1,93798;656,3000;647,5000
189;108;5,000;3,66970;32,1101;25;652,0000;0,2314815;4432,478;21,60000;9,66500;4,62963;648,2000;655,8000
190;419;18,670;13,95350;50,0000;58;652,1000;0,1384248;4924,619;22,44242;12,70800;5,25060;656,4000;647,8000
191;12567;546,050;7,62310;40,3995;1099;652,1000;0,08745;4603,660;23,01438;17,82300;27,54038;651,6000;652,6000
192;287;16,170;3,79310;31,0345;65;652,3000;0,2264808;5973,925;17,74892;17,15600;14,98258;655,1000;649,5000
193;6201;339,100;7,17960;47,7025;634;652,3000;0,1022416;5215,944;18,28664;19,58964;47,87938;650,9000;653,7000
194;577;29,950;20,33610;46,0504;134;652,3500;0,2322357;4882,237;19,26544;14,19700;0,00000;657,2000;647,5000
195;170;7,500;10,58820;32,3529;41;652,4000;0,2411765;4145,836;22,66667;11,91200;1,76471;660,3000;644,5000
196;164;8,500;33,53660;65,8537;36;652,4000;0,2195122;7542,038;19,29412;13,38600;0,00000;655,2000;649,6000
197;382;22,000;29,23830;59,2138;75;652,5000;0,1963351;5247,018;17,36364;11,55400;0,00000;653,1000;651,9000
198;1221;61,600;4,34070;25,3071;250;652,8500;0,2047502;5169,815;19,82143;19,02600;7,28911;656,8000;648,9000
199;2214;108,350;12,87260;36,4499;213;653,1000;0,09621;5951,006;20,43378;16,40700;17,02800;656,1000;650,1000
200;4523;215,000;5,75190;29,1987;409;653,4000;0,09043;4746,572;21,03721;14,05800;10,43555;653,7000;653,1000
201;793;39,800;4,41360;30,7692;49;653,5000;0,06179;4944,092;19,92462;19,06800;2,26986;652,4000;654,6000
202;1678;88,270;5,48270;38,2002;254;653,5500;0,1513707;6306,487;19,00986;20,77000;28,24791;655,6000;651,5000
203;536;22,500;5,59700;28,1716;35;653,5500;0,06530;4260,307;23,82222;10,26400;8,76866;653,4000;653,7000
204;307;15,850;5,53750;28,6645;36;653,7000;0,1172638;4718,163;19,36909;14,57800;7,49186;654,1000;653,3000
205;347;17,500;18,44380;53,6023;56;653,8000;0,1613833;4751,300;19,82857;10,20200;9,79827;655,5000;652,1000
206;168;11,010;29,16670;63,6905;30;653,8500;0,1785714;5653,454;15,25885;12,50200;12,50000;655,9000;651,8000
207;532;31,000;10,50660;29,6435;81;653,9500;0,1522556;5920,253;17,16129;13,90600;0,00000;656,6000;651,3000
208;3272;150,000;24,02200;76,7726;374;654,1000;0,1143032;4825,591;21,81333;9,98600;31,20415;651,4000;656,8000
209;2045;107,210;12,12710;40,9291;268;654,2000;0,1310513;5532,582;19,07471;13,71200;1,36919;657,8000;650,6000
210;156;6,050;10,42940;47,8528;7;654,2000;0,04487;3926,070;25,78512;10,09800;9,61539;659,8000;648,6000
211;1129;61,990;34,18950;62,2675;164;654,3000;0,1452613;5805,637;18,21261;11,29100;0,00000;655,1000;653,5000
212;3669;201,970;11,35890;41,0546;500;654,6000;0,1362769;4899,240;18,16606;13,22500;24,25729;652,7000;656,5000
213;157;9,250;1,89870;10,1266;19;654,8500;0,1210191;4884,862;16,97297;13,63000;9,55414;654,2000;655,5000
214;4928;229,200;8,54200;25,8885;618;654,8500;0,1254058;5139,938;21,50087;14,62300;5,92532;653,5000;656,2000
215;103;5,000;5,82520;23,3010;13;654,9000;0,1262136;5249,365;20,60000;8,77600;0,97087;662,2000;647,6000
216;175;10,300;14,85710;70,2857;17;655,0500;0,09714;5399,070;16,99029;10,33800;18,28571;650,0000;660,1000
217;4153;199,860;7,52690;23,4409;241;655,0500;0,05803;4965,290;20,77954;16,32300;4,98435;657,4000;652,7000
218;280;18,050;8,69570;56,5217;67;655,0500;0,2392857;6210,323;15,51247;10,65633;4,28571;660,4000;649,7000
219;865;43,500;3,08420;12,5741;96;655,2000;0,1109827;4797,503;19,88506;14,57800;3,35260;660,8000;649,6000
220;8735;408,200;7,49660;21,3434;1120;655,3000;0,1282198;5397,162;21,39882;18,63060;32,70750;655,4000;655,2000
221;412;20,100;8,73790;60,9223;72;655,3500;0,1747573;5078,500;20,49751;11,11600;9,46602;653,0000;657,7000
222;6373;329,120;12,67850;36,8900;624;655,3500;0,09791;4733,747;19,36376;14,59767;6,26079;657,6000;653,1000
223;332;18,800;9,03610;34,0361;73;655,4000;0,2198795;4963,060;17,65957;15,49300;13,25301;653,2000;657,6000
224;2903;138,120;11,12640;34,4471;192;655,5500;0,06614;5431,177;21,01796;16,27200;3,16914;662,0000;649,1000
225;565;29,650;6,72570;36,6372;60;655,7000;0,1061947;5382,089;19,05565;13,63000;16,99115;651,6000;659,8000
226;586;26,000;7,50850;37,8840;78;655,8000;0,1331058;5724,442;22,53846;12,39400;0,85324;662,0000;649,6000
227;5068;240,100;7,06390;34,2344;626;655,8500;0,1235201;4843,427;21,10787;15,33100;6,64957;655,9000;655,8000
228;859;42,840;16,41440;40,1630;118;656,4000;0,1373690;5730,349;20,05135;12,66600;0,11641;654,1000;658,7000
229;145;10,210;8,27590;20,0000;20;656,5000;0,1379310;5635,786;14,20176;13,71200;0,00000;657,8000;655,2000
230;649;35,125;3,85210;19,5686;155;656,5500;0,2388290;5671,657;18,47687;17,78033;6,93374;658,7000;654,4000
231;1789;96,000;2,96250;56,0089;435;656,6500;0,2431526;7070,633;18,63542;10,55667;9,55841;655,4000;657,9000
232;775;37,000;24,90320;61,4194;50;656,7000;0,06452;5097,343;20,94595;10,52300;0,90323;661,5000;651,9000
233;777;36,850;12,98870;39,8487;148;656,8000;0,1904762;5482,677;21,08548;13,24300;1,15830;663,4000;650,2000
234;3518;188,200;9,77080;49,4269;419;656,8000;0,1191018;5642,832;18,69288;22,47300;40,10802;656,7000;656,9000
235;19294;924,570;18,93190;50,9708;2401;657,0000;0,1244428;5280,023;20,86808;15,68465;16,66321;657,6000;656,4000
236;7661;386,420;7,80580;32,1368;1158;657,0000;0,1511552;5433,340;19,82558;23,48375;21,95536;657,3000;656,7000
237;158;8,000;6,32910;25,3165;34;657,1500;0,2151899;4529,284;19,75000;11,64900;8,86076;661,0000;653,3000
238;117;6,000;8,40340;36,1345;42;657,4000;0,3589744;6039,986;19,50000;16,35600;0,85470;664,9000;649,9000
239;160;8,700;16,09200;36,7816;37;657,5000;0,2312500;6168,229;18,39080;14,07400;0,00000;672,8000;642,2000
240;511;27,200;27,48540;51,8519;30;657,5500;0,05871;5774,970;18,78676;13,43700;3,91389;664,2000;650,9000
241;2770;140,110;3,61010;25,5596;296;657,6500;0,1068592;4806,762;19,77018;18,33800;11,94946;659,7000;655,6000
242;551;28,500;15,23440;51,5625;46;657,7500;0,08348;4840,936;19,33333;11,42600;3,99274;660,2000;655,3000
243;5205;242,500;8,31890;37,2911;474;657,8000;0,09107;4954,466;21,46392;15,74992;22,93948;655,1000;660,5000
244;6437;278,840;2,51670;17,1508;622;657,9000;0,09663;4023,532;23,08492;15,77900;2,48563;658,5000;657,3000
245;1712;81,280;5,37380;32,6519;122;658,0000;0,07126;5179,411;21,06299;14,06200;9,87150;657,0000;659,0000
246;370;19,800;6,50410;36,3144;56;658,3500;0,1513513;4385,229;18,68687;12,17400;0,54054;664,0000;652,7000
247;3182;153,200;3,53050;26,9433;328;658,6000;0,1030798;4777,513;20,77024;12,90000;8,95663;654,7000;662,5000
248;139;7,200;0,71940;29,4964;32;658,8000;0,2302158;4862,791;19,30556;10,97100;6,47482;661,3000;656,3000
249;11855;588,840;9,01580;32,7655;1507;659,0500;0,1271194;5486,030;20,13280;17,43520;20,72543;654,9000;663,2000
250;1068;51,670;12,82770;36,7978;129;659,1500;0,1207865;5486,382;20,66964;14,76000;0,18727;662,1000;656,2000
251;2295;103,000;4,03950;31,3709;224;659,3500;0,09760;4631,244;22,28155;14,60300;13,98693;658,3000;660,4000
252;1510;73,300;10,25980;37,1086;141;659,4000;0,09338;5189,628;20,60027;13,52233;8,74172;662,8000;656,0000
253;579;27,800;1,50000;31,5000;60;659,4000;0,1036269;4600,606;20,82734;16,66900;20,03454;660,0000;658,8000
254;1012;52,640;10,48470;33,6301;140;659,8000;0,1383399;6735,775;19,22492;13,52225;1,38340;660,8000;658,8000
255;1212;68,650;18,29720;47,1247;107;659,9000;0,08828;5475,173;17,65477;12,51800;2,06271;660,4000;659,4000
256;119;7,000;4,00000;33,6000;23;660,0500;0,1932773;5990,794;17,00000;18,32600;28,57143;661,7000;658,4000
257;590;35,763;7,79660;30,6780;78;660,1000;0,1322034;7203,247;16,49773;11,46600;0,16949;673,1000;647,1000
258;546;27,600;13,91940;54,7619;60;660,2000;0,1098901;4777,769;19,78261;10,09800;13,73626;659,8000;660,6000
259;248;11,120;7,46270;21,2687;51;660,3000;0,2056452;4302,835;22,30216;15,36500;0,00000;667,8000;652,8000
260;461;26,000;14,47080;48,8121;150;660,7500;0,3253796;5630,195;17,73077;10,31133;0,21692;666,9000;654,6000
261;6312;308,680;9,83790;22,6930;496;660,9500;0,07858;4708,625;20,44836;16,98663;3,12104;662,1000;659,8000
262;285;13,990;7,24140;66,2069;62;661,3500;0,2175439;5629,961;20,37169;9,61200;47,36842;661,1000;661,6000
263;2325;115,300;2,88170;15,6559;302;661,4500;0,1298925;4890,987;20,16479;21,11050;22,70968;662,0000;660,9000
264;11885;549,840;10,19770;30,4417;1790;661,6000;0,1506100;4929,393;21,61538;16,47331;29,12074;659,1000;664,1000
265;564;27,430;6,89660;21,3793;46;661,6000;0,08156;4905,221;20,56143;18,36900;4,43262;672,4000;650,8000
266;12380;620,380;12,29520;31,0189;1671;661,8500;0,1349758;5156,857;19,95551;16,65411;4,81422;660,1000;663,6000
267;3772;178,060;3,37200;18,3878;529;661,8500;0,1402439;4941,788;21,18387;18,54422;5,24920;665,4000;658,3000
268;895;47,580;17,55320;42,4468;70;661,8500;0,07821;5408,782;18,81042;14,18000;1,89944;662,7000;661,0000
269;5714;277,670;10,53430;30,0691;489;661,9000;0,08558;4981,388;20,57838;18,02955;8,66293;664,3000;659,5000
270;105;5,730;0,00000;0,0000;16;661,9000;0,1523810;4877,086;18,32461;13,58600;10,47619;662,5000;661,3000
271;1449;76,990;16,52790;42,6009;125;661,9500;0,08627;5111,739;18,82063;12,64000;1,24224;660,4000;663,5000
272;510;24,500;20,39220;45,8824;95;662,4000;0,1862745;5201,516;20,81633;11,10300;0,00000;663,1000;661,7000
273;160;8,000;11,25000;56,8750;39;662,4000;0,2437500;4138,306;20,00000;7,50000;9,37500;651,4000;673,4000
274;433;22,000;9,33610;25,1037;50;662,4500;0,1154734;5743,597;19,68182;15,50600;1,38568;665,4000;659,5000
275;3186;164,310;5,45390;44,3907;411;662,5000;0,1290019;5702,705;19,39018;22,84140;35,34212;663,5000;661,5000
276;5010;239,400;5,29890;27,3545;576;662,5500;0,1149701;4802,153;20,92732;19,82313;9,64072;661,7000;663,4000
277;717;35,950;8,88890;24,7222;100;662,5500;0,1394700;5442,143;19,94437;16,34700;2,23152;669,4000;655,7000
278;3548;170,650;3,26000;14,8509;335;662,6500;0,09442;4522,375;20,79109;16,29300;0,36640;658,3000;667,0000
279;868;45,200;16,58990;29,8387;78;662,7000;0,08986;4965,808;19,20354;13,24800;0,57604;662,4000;663,0000
280;507;26,650;13,20390;37,0874;60;662,7500;0,1183432;5358,326;19,02439;14,01000;0,00000;667,1000;658,4000
281;822;46,650;8,07380;25,6055;105;662,9000;0,1277372;5784,625;17,62058;14,16300;0,85158;668,3000;657,5000
282;1792;88,550;3,12500;20,9263;143;663,3500;0,07980;5072,705;20,23715;15,77100;5,52455;667,4000;659,3000
283;1202;62,300;12,07690;35,8462;190;663,4500;0,1580699;5556,041;19,29374;14,48333;0,00000;664,3000;662,6000
284;515;27,350;16,11650;26,2136;58;663,5000;0,1126214;5190,310;18,82998;14,20900;0,00000;660,2000;666,8000
285;1354;66,570;12,03840;36,4845;263;663,8500;0,1942393;5211,485;20,33949;15,16700;2,43722;666,4000;661,3000
286;1252;65,110;9,45120;43,2165;113;663,8500;0,09026;5284,164;19,22900;12,58425;20,76677;659,4000;668,3000
287;823;46,000;13,85180;55,2855;127;663,9000;0,1543135;5331,921;17,89130;10,55100;2,18712;657,7000;670,1000
288;2231;114,300;2,91610;13,3692;258;664,0000;0,1156432;5599,608;19,51881;16,95600;13,62618;666,2000;661,8000
289;271;14,200;4,46740;25,4296;81;664,0000;0,2988930;4881,899;19,08451;17,70900;13,28413;668,7000;659,3000
290;309;15,500;4,20710;32,6861;85;664,1500;0,2750809;4700,432;19,93548;16,27200;1,94175;671,3000;657,0000
291;3005;159,220;8,61900;33,8103;308;664,1500;0,1024958;5650,000;18,87326;17,90080;23,06157;666,7000;661,6000
292;966;47,960;20,95810;47,3054;114;664,3000;0,1180124;5318,241;20,14178;11,83400;0,62112;674,0000;654,6000
293;7710;327,300;4,47220;15,9299;814;664,4000;0,1055772;4709,054;23,55637;18,62020;3,25551;663,4000;665,4000
294;762;35,500;10,81080;30,3732;54;664,4500;0,07087;5143,190;21,46479;12,43100;0,00000;663,1000;665,8000
295;1708;89,000;8,48950;29,0398;206;664,7000;0,1206089;5133,010;19,19101;15,16700;2,22482;665,5000;663,9000
296;9850;489,300;3,33500;30,6437;1113;664,7500;0,1129949;5081,456;20,13080;20,87575;18,55838;663,7000;665,8000
297;129;5,000;9,30230;50,3876;10;664,9500;0,07752;4016,416;25,80000;10,63900;6,20155;667,6000;662,3000
298;10619;565,510;2,53840;28,3766;1150;664,9500;0,1082964;5374,050;18,77774;25,02962;18,45748;665,9000;664,0000
299;4521;236,580;3,70520;31,0828;494;665,1000;0,1092679;5427,549;19,10982;16,75780;32,07255;666,8000;663,4000
300;580;29,440;11,89660;30,1724;114;665,2000;0,1965517;5179,645;19,70109;15,29700;3,96552;656,2000;674,2000
301;2569;138,000;5,48640;24,7471;326;665,3500;0,1268976;5400,000;18,61594;17,36945;15,33671;669,8000;660,9000
302;6022;286,800;6,39500;36,0007;756;665,6500;0,1255397;5726,146;20,99721;22,09600;27,66523;663,9000;667,4000
303;670;33,500;0,41610;13,8696;47;665,9000;0,07015;5003,870;20,00000;22,84200;12,53731;670,3000;661,5000
304;14708;700,940;13,53010;45,7234;1962;665,9500;0,1333968;4969,511;20,98325;18,31988;12,68017;664,5000;667,4000
305;6601;305,000;1,19680;15,0886;706;666,0000;0,1069535;4747,296;21,64262;25,03000;6,90804;668,0000;664,0000
306;675;33,700;0,00000;31,8519;87;666,0500;0,1288889;4543,305;20,02967;21,95700;14,96296;668,7000;663,4000
307;2458;124,070;6,01870;24,6035;193;666,1000;0,07852;5229,591;19,81140;18,79683;11,26933;666,9000;665,3000
308;144;8,000;4,16670;44,4444;14;666,1500;0,09722;4507,353;18,00000;10,63900;9,72222;671,9000;660,4000
309;573;29,600;6,99300;15,2098;48;666,1500;0,08377;5302,628;19,35811;17,50800;3,31588;671,0000;661,3000
310;721;35,730;1,84940;18,4941;82;666,4500;0,1137309;5545,610;20,17912;18,59300;0,69348;668,8000;664,1000
311;992;46,970;3,72980;22,8831;160;666,5500;0,1612903;4615,909;21,11986;11,11600;5,14113;671,2000;661,9000
312;8432;360,500;6,39230;22,9839;0;666,6000;0,0000;5397,689;23,38974;14,09767;4,96917;663,7000;669,5000
313;244;11,000;15,57380;40,1639;15;666,6500;0,06148;5118,373;22,18182;12,64000;6,96721;672,1000;661,2000
314;7116;356,820;2,59900;13,2762;785;666,6500;0,1103148;5008,071;19,94283;20,93643;7,99607;667,5000;665,8000
315;830;46,660;10,41190;32,6087;95;666,7000;0,1144578;4906,030;17,78826;14,18000;0,48193;662,1000;671,3000
316;160;10,880;13,37580;53,5032;38;666,8500;0,2375000;6870,346;14,70588;11,82600;2,50000;666,9000;666,8000
317;1588;83,400;6,79850;20,5810;220;666,8500;0,1385390;5301,716;19,04077;18,67100;3,84131;671,3000;662,4000
318;2272;108,750;4,04930;16,0651;307;667,1500;0,1351232;5182,366;20,89195;17,33200;1,32042;667,7000;666,6000
319;1425;71,830;5,09260;19,8302;65;667,2000;0,04561;4999,469;19,83851;17,50800;4,91228;669,8000;664,6000
320;245;12,550;8,97960;13,0612;30;667,4500;0,1224490;6732,066;19,52191;15,57200;0,00000;672,2000;662,7000
321;1349;65,213;2,00150;8,6731;259;667,4500;0,1919941;4612,990;20,68622;15,56725;0,22239;667,0000;667,9000
322;400;22,000;13,80090;29,8643;65;667,6000;0,1625000;5478,846;18,18182;15,75200;0,00000;669,2000;666,0000
323;4632;245,180;7,03700;23,6420;637;668,0000;0,1375216;5666,714;18,89224;20,47000;17,85406;669,4000;666,6000
324;224;9,000;5,35710;35,2679;15;668,1000;0,06696;4742,514;24,88889;9,70900;4,46429;660,5000;675,7000
325;576;31,000;3,99310;28,1250;92;668,4000;0,1597222;4907,393;18,58064;11,11600;9,54861;665,8000;671,0000
326;451;25,000;8,64750;11,7517;75;668,6000;0,1662971;5700,402;18,04000;16,32100;3,99113;672,7000;664,5000
327;900;50,750;2,10180;24,3363;145;668,6500;0,1611111;5191,834;17,73399;21,96700;20,66667;668,8000;668,5000
328;118;5,500;8,33330;51,6667;10;668,8000;0,08475;4451,257;21,45455;8,93400;7,62712;668,5000;669,1000
329;1457;73,130;5,98230;42,9640;0;668,9000;0,0000;5627,528;19,92343;19,99700;27,45367;666,2000;671,6000
330;4734;232,750;2,60780;19,3725;586;668,9500;0,1237854;4922,940;20,33942;18,82723;10,85763;665,5000;672,4000
331;3303;146,500;4,66240;16,9543;379;669,1000;0,1147442;4969,381;22,54608;18,11867;5,02573;666,1000;672,1000
332;6055;286,920;5,61340;30,0851;540;669,3000;0,08918;4829,717;21,10344;23,66738;14,23617;668,9000;669,7000
333;424;23,300;3,53770;15,3302;39;669,3000;0,09198;6716,693;18,19743;22,13900;0,23585;680,9000;657,7000
334;2801;139,300;5,03390;23,0989;615;669,3500;0,2195644;5205,942;20,10768;20,54600;2,07069;673,3000;665,4000
335;187;9,760;17,55320;44,6809;37;669,3500;0,1978610;4357,826;19,15984;9,48500;8,55615;664,6000;674,1000
336;129;6,600;13,95350;27,1318;17;669,8000;0,1317829;5195,919;19,54545;11,83400;0,00000;670,1000;669,5000
337;188;9,000;6,38300;36,7021;41;669,8500;0,2180851;6002,072;20,88889;18,79900;4,78723;673,2000;666,5000
338;1212;65,900;22,19470;46,1221;116;669,9500;0,09571;5090,588;18,39150;10,55100;3,96040;669,2000;670,7000
339;2596;135,350;3,00460;19,5300;249;670,0000;0,09592;5112,390;19,17990;15,51900;1,57935;669,2000;670,8000
340;4925;253,896;3,82110;12,1748;753;670,7000;0,1528934;5287,355;19,39771;21,63173;3,59391;672,8000;668,6000
341;6257;288,630;2,16350;15,5128;930;671,2500;0,1486335;4889,480;21,67827;21,09575;8,72623;671,2000;671,3000
342;868;45,000;4,72350;19,0092;122;671,3000;0,1405530;5118,130;19,28889;15,16700;0,00000;674,6000;668,0000
343;3787;186,100;3,24800;8,3443;934;671,6000;0,2466332;5119,123;20,34927;19,11700;0,26406;674,9000;668,3000
344;6423;306,380;2,92990;14,2660;855;671,6000;0,1331154;4792,211;20,96416;17,62000;1,44792;671,4000;671,8000
345;678;34,840;2,50740;15,9292;47;671,6500;0,06932;5450,104;19,46039;15,16700;0,14749;677,6000;665,7000
346;162;8,400;16,95910;33,9181;23;671,7000;0,1419753;5210,725;19,28572;10,64300;0,00000;679,8000;663,6000
347;8529;407,700;2,19250;11,7013;834;671,7500;0,09778;4715,446;20,91979;20,73906;3,70501;668,9000;674,6000
348;1862;89,090;2,82970;21,0892;231;671,9000;0,1240602;4632,068;20,90021;21,56600;0,26853;673,1000;670,7000
349;1452;70,500;2,42600;10,4142;183;671,9000;0,1260331;5028,562;20,59575;17,65600;0,00000;679,6000;664,2000
350;155;8,000;0,64520;12,2581;32;671,9500;0,2064516;5695,467;19,37500;17,70900;4,51613;672,3000;671,6000
351;2536;127,110;2,03280;2,0328;343;672,0500;0,1352524;4504,295;19,95122;27,81600;2,44479;676,1000;668,0000
352;567;30,080;4,89510;29,0210;103;672,0500;0,1816579;5156,437;18,84973;18,59300;0,00000;673,9000;670,2000
353;953;52,600;7,98760;33,9212;135;672,3000;0,1416579;5433,514;18,11787;14,26300;0,00000;668,1000;676,5000
354;296;15,430;5,59210;25,9868;42;672,3500;0,1418919;5254,632;19,18341;22,75800;5,40541;674,6000;670,1000
355;198;9,000;2,45100;12,7451;24;672,4500;0,1212121;4593,197;22,00000;12,64000;0,00000;672,7000;672,2000
356;218;10,100;2,24220;25,1121;49;672,5500;0,2247706;4320,679;21,58416;11,23800;6,42202;669,4000;675,7000
357;734;36,000;2,02430;12,8205;117;672,7000;0,1594005;4920,777;20,38889;16,95600;6,53951;676,1000;669,3000
358;189;11,600;2,07250;32,1244;50;673,0500;0,2645503;6905,869;16,29310;17,70900;14,28572;679,1000;667,0000
359;2528;138,310;1,34210;2,4456;482;673,2500;0,1906646;5729,904;18,27778;25,62200;3,67880;675,0000;671,5000
360;2987;154,170;2,04220;11,1818;290;673,3000;0,09709;4825,202;19,37472;18,72600;0,50218;676,1000;670,5000
361;208;11,000;9,38970;32,8638;21;673,5500;0,1009615;5388,170;18,90909;13,44300;0,00000;680,5000;666,6000
362;379;23,100;2,90240;22,1636;29;673,5500;0,07652;5133,827;16,40693;15,18000;22,69129;670,5000;676,6000
363;145;9,300;6,20690;0,0000;27;673,9000;0,1862069;5346,156;15,59140;19,11700;0,00000;670,5000;677,3000
364;706;37,740;2,59370;23,0548;103;674,2500;0,1458924;4789,309;18,70694;13,71200;0,14164;676,0000;672,5000
365;878;47,900;1,37500;15,7500;105;675,4000;0,1195900;5329,782;18,32985;17,50800;2,73349;681,0000;669,8000
366;594;33,180;12,26890;25,3782;75;675,7000;0,1262626;5371,173;17,90235;11,83400;1,68350;683,0000;668,4000
367;139;7,350;20,86330;66,9065;40;676,1500;0,2877698;5771,384;18,91157;13,27300;0,00000;680,1000;672,2000
368;2089;102,780;2,51850;14,0370;318;676,5500;0,1522259;4993,635;20,32497;16,35600;0,14361;673,8000;679,3000
369;326;16,280;4,29450;11,0429;42;676,6000;0,1288344;4854,038;20,02457;18,62600;0,00000;673,3000;679,9000
370;516;21,500;0,96900;27,7132;50;676,8500;0,09690;4392,680;24,00000;23,73300;11,04651;680,5000;673,2000
371;449;25,500;12,72730;48,4848;50;676,9500;0,1113586;5884,432;17,60784;12,93400;0,00000;672,8000;681,1000
372;297;15,350;2,35690;4,0404;70;677,2500;0,2356902;4273,993;19,34853;13,90600;0,00000;679,0000;675,5000
373;1579;80,240;5,55560;21,7803;165;677,9500;0,1044965;5146,784;19,67846;15,42800;0,06333;678,5000;677,4000
374;383;20,450;6,00520;10,1828;49;678,0500;0,1279373;5351,523;18,72861;15,38100;0,00000;682,9000;673,2000
375;81;5,100;3,61450;0,0000;14;678,4000;0,1728395;7667,572;15,88235;22,52900;0,00000;685,3000;671,5000
376;5259;262,230;2,39590;19,0911;701;678,8000;0,1332953;5281,709;20,05491;23,80610;15,05990;679,0000;678,6000
377;1960;108,960;1,94170;3,7302;223;679,4000;0,1137755;5368,503;17,98825;24,60300;1,47959;684,1000;674,7000
378;151;8,900;2,64900;8,6093;31;679,5000;0,2052980;6429,257;16,96629;36,17400;2,64901;676,8000;682,2000
379;946;49,170;2,17840;6,5353;310;679,6500;0,3276955;5387,459;19,23937;33,45500;1,47992;683,1000;676,2000
380;2707;141,020;5,13960;19,2308;300;679,7500;0,1108238;5235,775;19,19586;20,48022;4,46989;678,7000;680,8000
381;919;46,890;1,04930;0,0000;141;679,8000;0,1534276;4829,896;19,59906;20,13400;0,32644;680,2000;679,4000
382;945;46,000;4,23990;10,6515;216;680,0500;0,2285714;5088,708;20,54348;19,34650;2,53968;685,7000;674,4000
383;738;39,702;0,00000;0,6775;220;680,4500;0,2981030;5390,118;18,58848;36,17400;0,54201;684,2000;676,7000
384;164;10,510;2,35290;12,9412;35;681,3000;0,2134146;6588,431;15,60419;22,86333;11,58537;682,8000;679,8000
385;167;10,920;0,52080;11,4583;29;681,3000;0,1736527;6196,695;15,29304;17,70900;11,37724;680,8000;681,8000
386;125;7,080;4,00000;14,4000;25;681,6000;0,2000000;4645,413;17,65537;14,17700;0,00000;688,5000;674,7000
387;1091;62,060;0,53670;0,5367;113;681,9000;0,1035747;6489,929;17,57976;41,09300;1,37489;689,8000;674,0000
388;134;6,000;0,74630;3,7313;27;682,1500;0,2014925;5094,959;22,33333;21,95700;2,23881;681,8000;682,5000
389;600;32,000;2,69410;29,3185;55;682,4500;0,09167;4841,958;18,75000;16,06400;5,33333;680,0000;684,9000
390;1803;99,600;1,92420;3,6220;283;682,5500;0,1569606;6315,313;18,10241;25,73700;2,77316;685,6000;679,5000
391;158;7,800;13,75000;16,2500;15;682,6500;0,09494;5399,383;20,25641;20,47400;0,00000;687,3000;678,0000
392;2392;127,220;1,42140;6,2709;439;683,3500;0,1835284;5429,474;18,80207;35,81000;17,72575;682,4000;684,3000
393;526;28,020;3,99240;11,4068;33;683,4000;0,06274;5644,286;18,77230;13,56700;0,00000;684,5000;682,3000
394;141;6,910;10,07190;9,3525;44;684,3000;0,3120568;6060,257;20,40521;20,08900;0,00000;680,4000;688,2000
395;235;12,600;4,66100;5,9322;30;684,3500;0,1276596;5319,554;18,65079;18,28300;0,42553;688,5000;680,2000
396;3280;158,400;2,75230;7,8593;406;684,8000;0,1237805;4819,904;20,70707;25,23972;6,06707;682,2000;687,4000
397;1254;57,000;1,58230;12,5000;0;684,9500;0,0000;5208,226;22,00000;25,06300;10,12759;686,2000;683,7000
398;948;53,560;1,79320;1,8987;155;686,0500;0,1635021;5859,965;17,69978;30,62850;3,37553;692,2000;679,9000
399;15228;708,830;1,71540;4,6909;2232;686,7000;0,1465721;4962,737;21,48329;27,47522;8,64854;683,1000;690,3000
400;81;4,850;13,25300;20,4819;21;687,5500;0,2592593;7614,379;16,70103;30,84000;12,34568;693,8000;681,3000
401;2768;141,400;0,44810;2,7921;540;689,1000;0,1950867;5566,468;19,57567;34,15950;1,58960;691,6000;686,6000
402;535;31,000;0,08000;0,7200;84;691,0500;0,1570093;7039,949;17,25806;43,23000;1,49533;693,5000;688,6000
403;2542;146,300;0,82610;9,6774;404;691,3500;0,1589300;6604,064;17,37526;27,94775;10,38552;687,7000;695,0000
404;1940;111,820;0,41240;3,9175;265;691,9000;0,1365979;6180,149;17,34931;49,93900;6,13402;693,7000;690,1000
405;1059;65,120;0,84990;1,4164;272;693,9500;0,2568461;6460,657;16,26229;55,32800;2,26629;695,9000;692,0000
406;2340;132,200;1,58120;2,4359;403;694,2500;0,1722222;6415,355;17,70045;35,48100;2,47863;693,6000;694,9000
407;3469;172,340;0,00000;0,1734;496;694,8000;0,1429807;5230,877;20,12881;34,30100;0,89363;697,9000;691,7000
408;2106;115,300;1,70940;2,6116;300;695,2000;0,1424501;5838,172;18,26539;38,62857;2,42165;695,1000;695,3000
409;478;32,870;0,00000;0,0000;112;695,3000;0,2343096;7711,507;14,54214;35,34200;3,76569;701,3000;689,3000
410;1885;98,420;0,05060;0,3033;241;696,5500;0,1278515;5592,765;19,15261;31,05200;1,96286;697,4000;695,7000
411;2422;139,470;0,00000;0,1239;466;698,2000;0,1924030;5933,154;17,36574;40,26400;0,57803;699,1000;697,3000
412;1318;87,060;0,15170;0,0000;412;698,2500;0,3125948;7593,406;15,13898;35,81000;2,80728;695,4000;701,1000
413;220;12,330;0,45450;0,0000;22;698,4500;0,1000000;6500,450;17,84266;43,23000;1,36364;693,3000;703,6000
414;687;44,590;0,30490;0,0000;209;699,1000;0,3042212;7217,263;15,40704;50,67700;1,16448;698,3000;699,9000
415;2341;124,090;0,17090;0,5980;286;700,3000;0,1221700;5392,639;18,86534;40,40200;2,05041;698,9000;701,7000
416;984;59,730;0,10160;3,5569;195;704,3000;0,1981707;7290,339;16,47413;28,71700;5,99593;700,9000;707,7000
417;3724;208,480;1,07410;1,5038;721;706,7500;0,1936090;5741,463;17,86263;41,73411;4,72610;704,0000;709,5000
418;441;20,150;3,56350;37,1938;45;645,0000;0,1020408;4402,832;21,88586;23,73300;24,26304;648,3000;641,7000
419;101;5,000;11,88120;59,4059;14;672,2000;0,1386139;4776,336;20,20000;9,95200;2,97030;667,9000;676,5000
420;1778;93,400;6,92350;47,5712;313;655,7500;0,1760405;5993,393;19,03640;12,50200;5,00562;660,5000;651,0000

